{
 "add_total_row": 0, 
 "apply_user_permissions": 1, 
 "creation": "2015-02-05 06:01:35.060098", 
 "disabled": 0, 
 "docstatus": 0, 
 "doctype": "Report", 
 "is_standard": "Yes", 
 "json": "{\"filters\":[],\"columns\":[[\"name\",\"DocShare\"],[\"user\",\"DocShare\"],[\"share_doctype\",\"DocShare\"],[\"share_name\",\"DocShare\"],[\"read\",\"DocShare\"],[\"write\",\"DocShare\"],[\"share\",\"DocShare\"]],\"sort_by\":\"DocShare.modified\",\"sort_order\":\"desc\",\"sort_by_next\":null,\"sort_order_next\":\"desc\"}", 
 "modified": "2015-02-05 06:01:52.870622", 
 "modified_by": "Administrator", 
 "module": "Core", 
 "name": "Document Share Report", 
 "owner": "Administrator", 
 "ref_doctype": "DocShare", 
 "report_name": "Document Share Report", 
 "report_type": "Report Builder"
}