{
 "allow_copy": 0, 
 "allow_import": 0, 
 "allow_rename": 0, 
 "autoname": "hash", 
 "beta": 0, 
 "creation": "2013-02-22 01:27:33", 
 "custom": 0, 
 "docstatus": 0, 
 "doctype": "DocType", 
 "editable_grid": 1, 
 "fields": [
  {
   "allow_on_submit": 0, 
   "bold": 0, 
   "collapsible": 0, 
   "fieldname": "role_and_level", 
   "fieldtype": "Section Break", 
   "hidden": 0, 
   "ignore_user_permissions": 0, 
   "ignore_xss_filter": 0, 
   "in_filter": 0, 
   "in_list_view": 0, 
   "label": "Role and Level", 
   "length": 0, 
   "no_copy": 0, 
   "permlevel": 0, 
   "print_hide": 0, 
   "print_hide_if_no_value": 0, 
   "read_only": 0, 
   "report_hide": 0, 
   "reqd": 0, 
   "search_index": 0, 
   "set_only_once": 0, 
   "unique": 0
  }, 
  {
   "allow_on_submit": 0, 
   "bold": 0, 
   "collapsible": 0, 
   "fieldname": "role", 
   "fieldtype": "Link", 
   "hidden": 0, 
   "ignore_user_permissions": 0, 
   "ignore_xss_filter": 0, 
   "in_filter": 0, 
   "in_list_view": 1, 
   "label": "Role", 
   "length": 0, 
   "no_copy": 0, 
   "oldfieldname": "role", 
   "oldfieldtype": "Link", 
   "options": "Role", 
   "permlevel": 0, 
   "print_hide": 0, 
   "print_hide_if_no_value": 0, 
   "print_width": "150px", 
   "read_only": 0, 
   "report_hide": 0, 
   "reqd": 1, 
   "search_index": 0, 
   "set_only_once": 0, 
   "unique": 0, 
   "width": "150px"
  }, 
  {
   "allow_on_submit": 0, 
   "bold": 0, 
   "collapsible": 0, 
   "description": "Filter records based on User Permissions defined for a user", 
   "fieldname": "apply_user_permissions", 
   "fieldtype": "Check", 
   "hidden": 0, 
   "ignore_user_permissions": 0, 
   "ignore_xss_filter": 0, 
   "in_filter": 0, 
   "in_list_view": 0, 
   "label": "Apply User Permissions", 
   "length": 0, 
   "no_copy": 0, 
   "permlevel": 0, 
   "print_hide": 0, 
   "print_hide_if_no_value": 0, 
   "read_only": 0, 
   "report_hide": 0, 
   "reqd": 0, 
   "search_index": 0, 
   "set_only_once": 0, 
   "unique": 0
  }, 
  {
   "allow_on_submit": 0, 
   "bold": 0, 
   "collapsible": 0, 
   "description": "Apply this rule if the User is the Owner", 
   "fieldname": "if_owner", 
   "fieldtype": "Check", 
   "hidden": 0, 
   "ignore_user_permissions": 0, 
   "ignore_xss_filter": 0, 
   "in_filter": 0, 
   "in_list_view": 0, 
   "label": "If user is the owner", 
   "length": 0, 
   "no_copy": 0, 
   "permlevel": 0, 
   "precision": "", 
   "print_hide": 0, 
   "print_hide_if_no_value": 0, 
   "read_only": 0, 
   "report_hide": 0, 
   "reqd": 0, 
   "search_index": 0, 
   "set_only_once": 0, 
   "unique": 0
  }, 
  {
   "allow_on_submit": 0, 
   "bold": 0, 
   "collapsible": 0, 
   "fieldname": "column_break_2", 
   "fieldtype": "Column Break", 
   "hidden": 0, 
   "ignore_user_permissions": 0, 
   "ignore_xss_filter": 0, 
   "in_filter": 0, 
   "in_list_view": 0, 
   "length": 0, 
   "no_copy": 0, 
   "permlevel": 0, 
   "print_hide": 0, 
   "print_hide_if_no_value": 0, 
   "read_only": 0, 
   "report_hide": 0, 
   "reqd": 0, 
   "search_index": 0, 
   "set_only_once": 0, 
   "unique": 0
  }, 
  {
   "allow_on_submit": 0, 
   "bold": 0, 
   "collapsible": 0, 
   "default": "0", 
   "fieldname": "permlevel", 
   "fieldtype": "Int", 
   "hidden": 0, 
   "ignore_user_permissions": 0, 
   "ignore_xss_filter": 0, 
   "in_filter": 0, 
   "in_list_view": 1, 
   "label": "Level", 
   "length": 0, 
   "no_copy": 0, 
   "oldfieldname": "permlevel", 
   "oldfieldtype": "Int", 
   "permlevel": 0, 
   "print_hide": 0, 
   "print_hide_if_no_value": 0, 
   "print_width": "40px", 
   "read_only": 0, 
   "report_hide": 0, 
   "reqd": 0, 
   "search_index": 0, 
   "set_only_once": 0, 
   "unique": 0, 
   "width": "40px"
  }, 
  {
   "allow_on_submit": 0, 
   "bold": 0, 
   "collapsible": 0, 
   "depends_on": "", 
   "description": "JSON list of DocTypes used to apply User Permissions. If empty, all linked DocTypes will be used to apply User Permissions.", 
   "fieldname": "user_permission_doctypes", 
   "fieldtype": "Code", 
   "hidden": 0, 
   "ignore_user_permissions": 0, 
   "ignore_xss_filter": 0, 
   "in_filter": 0, 
   "in_list_view": 0, 
   "label": "User Permission DocTypes", 
   "length": 0, 
   "no_copy": 0, 
   "permlevel": 0, 
   "print_hide": 0, 
   "print_hide_if_no_value": 0, 
   "read_only": 1, 
   "report_hide": 0, 
   "reqd": 0, 
   "search_index": 0, 
   "set_only_once": 0, 
   "unique": 0
  }, 
  {
   "allow_on_submit": 0, 
   "bold": 0, 
   "collapsible": 0, 
   "fieldname": "section_break_4", 
   "fieldtype": "Section Break", 
   "hidden": 0, 
   "ignore_user_permissions": 0, 
   "ignore_xss_filter": 0, 
   "in_filter": 0, 
   "in_list_view": 0, 
   "label": "Permissions", 
   "length": 0, 
   "no_copy": 0, 
   "permlevel": 0, 
   "print_hide": 0, 
   "print_hide_if_no_value": 0, 
   "read_only": 0, 
   "report_hide": 0, 
   "reqd": 0, 
   "search_index": 0, 
   "set_only_once": 0, 
   "unique": 0
  }, 
  {
   "allow_on_submit": 0, 
   "bold": 0, 
   "collapsible": 0, 
   "default": "1", 
   "fieldname": "read", 
   "fieldtype": "Check", 
   "hidden": 0, 
   "ignore_user_permissions": 0, 
   "ignore_xss_filter": 0, 
   "in_filter": 0, 
   "in_list_view": 1, 
   "label": "Read", 
   "length": 0, 
   "no_copy": 0, 
   "oldfieldname": "read", 
   "oldfieldtype": "Check", 
   "permlevel": 0, 
   "print_hide": 0, 
   "print_hide_if_no_value": 0, 
   "print_width": "32px", 
   "read_only": 0, 
   "report_hide": 0, 
   "reqd": 0, 
   "search_index": 0, 
   "set_only_once": 0, 
   "unique": 0, 
   "width": "32px"
  }, 
  {
   "allow_on_submit": 0, 
   "bold": 0, 
   "collapsible": 0, 
   "default": "1", 
   "fieldname": "write", 
   "fieldtype": "Check", 
   "hidden": 0, 
   "ignore_user_permissions": 0, 
   "ignore_xss_filter": 0, 
   "in_filter": 0, 
   "in_list_view": 1, 
   "label": "Write", 
   "length": 0, 
   "no_copy": 0, 
   "oldfieldname": "write", 
   "oldfieldtype": "Check", 
   "permlevel": 0, 
   "print_hide": 0, 
   "print_hide_if_no_value": 0, 
   "print_width": "32px", 
   "read_only": 0, 
   "report_hide": 0, 
   "reqd": 0, 
   "search_index": 0, 
   "set_only_once": 0, 
   "unique": 0, 
   "width": "32px"
  }, 
  {
   "allow_on_submit": 0, 
   "bold": 0, 
   "collapsible": 0, 
   "default": "1", 
   "fieldname": "create", 
   "fieldtype": "Check", 
   "hidden": 0, 
   "ignore_user_permissions": 0, 
   "ignore_xss_filter": 0, 
   "in_filter": 0, 
   "in_list_view": 1, 
   "label": "Create", 
   "length": 0, 
   "no_copy": 0, 
   "oldfieldname": "create", 
   "oldfieldtype": "Check", 
   "permlevel": 0, 
   "print_hide": 0, 
   "print_hide_if_no_value": 0, 
   "print_width": "32px", 
   "read_only": 0, 
   "report_hide": 0, 
   "reqd": 0, 
   "search_index": 0, 
   "set_only_once": 0, 
   "unique": 0, 
   "width": "32px"
  }, 
  {
   "allow_on_submit": 0, 
   "bold": 0, 
   "collapsible": 0, 
   "default": "1", 
   "fieldname": "delete", 
   "fieldtype": "Check", 
   "hidden": 0, 
   "ignore_user_permissions": 0, 
   "ignore_xss_filter": 0, 
   "in_filter": 0, 
   "in_list_view": 1, 
   "label": "Delete", 
   "length": 0, 
   "no_copy": 0, 
   "permlevel": 0, 
   "print_hide": 0, 
   "print_hide_if_no_value": 0, 
   "read_only": 0, 
   "report_hide": 0, 
   "reqd": 0, 
   "search_index": 0, 
   "set_only_once": 0, 
   "unique": 0
  }, 
  {
   "allow_on_submit": 0, 
   "bold": 0, 
   "collapsible": 0, 
   "fieldname": "column_break_8", 
   "fieldtype": "Column Break", 
   "hidden": 0, 
   "ignore_user_permissions": 0, 
   "ignore_xss_filter": 0, 
   "in_filter": 0, 
   "in_list_view": 0, 
   "length": 0, 
   "no_copy": 0, 
   "permlevel": 0, 
   "print_hide": 0, 
   "print_hide_if_no_value": 0, 
   "read_only": 0, 
   "report_hide": 0, 
   "reqd": 0, 
   "search_index": 0, 
   "set_only_once": 0, 
   "unique": 0
  }, 
  {
   "allow_on_submit": 0, 
   "bold": 0, 
   "collapsible": 0, 
   "fieldname": "submit", 
   "fieldtype": "Check", 
   "hidden": 0, 
   "ignore_user_permissions": 0, 
   "ignore_xss_filter": 0, 
   "in_filter": 0, 
   "in_list_view": 1, 
   "label": "Submit", 
   "length": 0, 
   "no_copy": 0, 
   "oldfieldname": "submit", 
   "oldfieldtype": "Check", 
   "permlevel": 0, 
   "print_hide": 0, 
   "print_hide_if_no_value": 0, 
   "print_width": "32px", 
   "read_only": 0, 
   "report_hide": 0, 
   "reqd": 0, 
   "search_index": 0, 
   "set_only_once": 0, 
   "unique": 0, 
   "width": "32px"
  }, 
  {
   "allow_on_submit": 0, 
   "bold": 0, 
   "collapsible": 0, 
   "fieldname": "cancel", 
   "fieldtype": "Check", 
   "hidden": 0, 
   "ignore_user_permissions": 0, 
   "ignore_xss_filter": 0, 
   "in_filter": 0, 
   "in_list_view": 1, 
   "label": "Cancel", 
   "length": 0, 
   "no_copy": 0, 
   "oldfieldname": "cancel", 
   "oldfieldtype": "Check", 
   "permlevel": 0, 
   "print_hide": 0, 
   "print_hide_if_no_value": 0, 
   "print_width": "32px", 
   "read_only": 0, 
   "report_hide": 0, 
   "reqd": 0, 
   "search_index": 0, 
   "set_only_once": 0, 
   "unique": 0, 
   "width": "32px"
  }, 
  {
   "allow_on_submit": 0, 
   "bold": 0, 
   "collapsible": 0, 
   "fieldname": "amend", 
   "fieldtype": "Check", 
   "hidden": 0, 
   "ignore_user_permissions": 0, 
   "ignore_xss_filter": 0, 
   "in_filter": 0, 
   "in_list_view": 0, 
   "label": "Amend", 
   "length": 0, 
   "no_copy": 0, 
   "oldfieldname": "amend", 
   "oldfieldtype": "Check", 
   "permlevel": 0, 
   "print_hide": 0, 
   "print_hide_if_no_value": 0, 
   "print_width": "32px", 
   "read_only": 0, 
   "report_hide": 0, 
   "reqd": 0, 
   "search_index": 0, 
   "set_only_once": 0, 
   "unique": 0, 
   "width": "32px"
  }, 
  {
   "allow_on_submit": 0, 
   "bold": 0, 
   "collapsible": 0, 
   "fieldname": "additional_permissions", 
   "fieldtype": "Section Break", 
   "hidden": 0, 
   "ignore_user_permissions": 0, 
   "ignore_xss_filter": 0, 
   "in_filter": 0, 
   "in_list_view": 0, 
   "label": "Additional Permissions", 
   "length": 0, 
   "no_copy": 0, 
   "permlevel": 0, 
   "print_hide": 0, 
   "print_hide_if_no_value": 0, 
   "read_only": 0, 
   "report_hide": 0, 
   "reqd": 0, 
   "search_index": 0, 
   "set_only_once": 0, 
   "unique": 0
  }, 
  {
   "allow_on_submit": 0, 
   "bold": 0, 
   "collapsible": 0, 
   "default": "1", 
   "fieldname": "report", 
   "fieldtype": "Check", 
   "hidden": 0, 
   "ignore_user_permissions": 0, 
   "ignore_xss_filter": 0, 
   "in_filter": 0, 
   "in_list_view": 0, 
   "label": "Report", 
   "length": 0, 
   "no_copy": 0, 
   "permlevel": 0, 
   "print_hide": 0, 
   "print_hide_if_no_value": 0, 
   "print_width": "32px", 
   "read_only": 0, 
   "report_hide": 0, 
   "reqd": 0, 
   "search_index": 0, 
   "set_only_once": 0, 
   "unique": 0, 
   "width": "32px"
  }, 
  {
   "allow_on_submit": 0, 
   "bold": 0, 
   "collapsible": 0, 
   "default": "1", 
   "fieldname": "export", 
   "fieldtype": "Check", 
   "hidden": 0, 
   "ignore_user_permissions": 0, 
   "ignore_xss_filter": 0, 
   "in_filter": 0, 
   "in_list_view": 0, 
   "label": "Export", 
   "length": 0, 
   "no_copy": 0, 
   "permlevel": 0, 
   "print_hide": 0, 
   "print_hide_if_no_value": 0, 
   "read_only": 0, 
   "report_hide": 0, 
   "reqd": 0, 
   "search_index": 0, 
   "set_only_once": 0, 
   "unique": 0
  }, 
  {
   "allow_on_submit": 0, 
   "bold": 0, 
   "collapsible": 0, 
   "fieldname": "import", 
   "fieldtype": "Check", 
   "hidden": 0, 
   "ignore_user_permissions": 0, 
   "ignore_xss_filter": 0, 
   "in_filter": 0, 
   "in_list_view": 0, 
   "label": "Import", 
   "length": 0, 
   "no_copy": 0, 
   "permlevel": 0, 
   "print_hide": 0, 
   "print_hide_if_no_value": 0, 
   "read_only": 0, 
   "report_hide": 0, 
   "reqd": 0, 
   "search_index": 0, 
   "set_only_once": 0, 
   "unique": 0
  }, 
  {
   "allow_on_submit": 0, 
   "bold": 0, 
   "collapsible": 0, 
   "description": "This role update User Permissions for a user", 
   "fieldname": "set_user_permissions", 
   "fieldtype": "Check", 
   "hidden": 0, 
   "ignore_user_permissions": 0, 
   "ignore_xss_filter": 0, 
   "in_filter": 0, 
   "in_list_view": 0, 
   "label": "Set User Permissions", 
   "length": 0, 
   "no_copy": 0, 
   "permlevel": 0, 
   "print_hide": 0, 
   "print_hide_if_no_value": 0, 
   "read_only": 0, 
   "report_hide": 0, 
   "reqd": 0, 
   "search_index": 0, 
   "set_only_once": 0, 
   "unique": 0
  }, 
  {
   "allow_on_submit": 0, 
   "bold": 0, 
   "collapsible": 0, 
   "fieldname": "column_break_19", 
   "fieldtype": "Column Break", 
   "hidden": 0, 
   "ignore_user_permissions": 0, 
   "ignore_xss_filter": 0, 
   "in_filter": 0, 
   "in_list_view": 0, 
   "length": 0, 
   "no_copy": 0, 
   "permlevel": 0, 
   "print_hide": 0, 
   "print_hide_if_no_value": 0, 
   "read_only": 0, 
   "report_hide": 0, 
   "reqd": 0, 
   "search_index": 0, 
   "set_only_once": 0, 
   "unique": 0
  }, 
  {
   "allow_on_submit": 0, 
   "bold": 0, 
   "collapsible": 0, 
   "default": "1", 
   "fieldname": "share", 
   "fieldtype": "Check", 
   "hidden": 0, 
   "ignore_user_permissions": 0, 
   "ignore_xss_filter": 0, 
   "in_filter": 0, 
   "in_list_view": 0, 
   "label": "Share", 
   "length": 0, 
   "no_copy": 0, 
   "permlevel": 0, 
   "precision": "", 
   "print_hide": 0, 
   "print_hide_if_no_value": 0, 
   "read_only": 0, 
   "report_hide": 0, 
   "reqd": 0, 
   "search_index": 0, 
   "set_only_once": 0, 
   "unique": 0
  }, 
  {
   "allow_on_submit": 0, 
   "bold": 0, 
   "collapsible": 0, 
   "default": "1", 
   "fieldname": "print", 
   "fieldtype": "Check", 
   "hidden": 0, 
   "ignore_user_permissions": 0, 
   "ignore_xss_filter": 0, 
   "in_filter": 0, 
   "in_list_view": 0, 
   "label": "Print", 
   "length": 0, 
   "no_copy": 0, 
   "permlevel": 0, 
   "print_hide": 0, 
   "print_hide_if_no_value": 0, 
   "read_only": 0, 
   "report_hide": 0, 
   "reqd": 0, 
   "search_index": 0, 
   "set_only_once": 0, 
   "unique": 0
  }, 
  {
   "allow_on_submit": 0, 
   "bold": 0, 
   "collapsible": 0, 
   "default": "1", 
   "fieldname": "email", 
   "fieldtype": "Check", 
   "hidden": 0, 
   "ignore_user_permissions": 0, 
   "ignore_xss_filter": 0, 
   "in_filter": 0, 
   "in_list_view": 0, 
   "label": "Email", 
   "length": 0, 
   "no_copy": 0, 
   "permlevel": 0, 
   "print_hide": 0, 
   "print_hide_if_no_value": 0, 
   "read_only": 0, 
   "report_hide": 0, 
   "reqd": 0, 
   "search_index": 0, 
   "set_only_once": 0, 
   "unique": 0
  }
 ], 
 "hide_heading": 0, 
 "hide_toolbar": 0, 
 "idx": 1, 
 "image_view": 0, 
 "in_create": 0, 
 "in_dialog": 0, 
 "is_submittable": 0, 
 "issingle": 0, 
 "istable": 1, 
 "max_attachments": 0, 
 "modified": "2016-07-11 03:27:59.695670", 
 "modified_by": "Administrator", 
 "module": "Core", 
 "name": "DocPerm", 
 "owner": "Administrator", 
 "permissions": [], 
 "quick_entry": 0, 
 "read_only": 0, 
 "read_only_onload": 0, 
 "track_seen": 0
}